﻿<?xml version="1.0" encoding="UTF-8"?>
<?xml-stylesheet type="text/xsl" href="transformacion.xsl"?>
<noticias>
	<noticia fecha="03/03/2021">
		<titulo>Noticia 1</titulo>
		<subtitulo>Subtitulo de noticia 1</subtitulo>
		<texto>texto texto texto texto texto texto texto texto texto texto texto texto texto texto texto texto</texto>
		<categoria>actualidad</categoria>
	</noticia>
	<noticia fecha="04/03/2021">
		<titulo>Noticia 2</titulo>
		<subtitulo>Subtitulo de noticia 2</subtitulo>
		<texto>texto texto texto texto texto texto texto texto texto texto texto texto texto texto texto texto</texto>
		<categoria>actualidad</categoria>
	</noticia>
	<noticia fecha="05/03/2021">
		<titulo>Noticia de deportes</titulo>
		<subtitulo>Subtitulo de noticia de deportes</subtitulo>
		<texto>texto texto texto texto texto texto texto texto texto texto texto texto texto texto texto texto</texto>
		<categoria>deportes</categoria>
	</noticia>
	<noticia fecha="053/03/2021">
		<titulo>Noticia 3</titulo>
		<subtitulo>Subtitulo de noticia 3</subtitulo>
		<texto>texto texto texto texto texto texto texto texto texto texto texto texto texto texto texto texto</texto>
		<categoria>actualidad</categoria>
	</noticia>
</noticias>
