﻿<?xml version="1.0" encoding="UTF-8"?>
<html>
  <h1>Noticia 1
               (
               03/03/2021
                )
            </h1>
  <h2>Subtitulo de noticia 1</h2>
  <p>texto texto texto texto texto texto texto texto texto texto texto texto texto texto texto texto</p>
  <h1>Noticia 2
               (
               04/03/2021
                )
            </h1>
  <h2>Subtitulo de noticia 2</h2>
  <p>texto texto texto texto texto texto texto texto texto texto texto texto texto texto texto texto</p>
  <h1>Noticia 3
               (
               053/03/2021
                )
            </h1>
  <h2>Subtitulo de noticia 3</h2>
  <p>texto texto texto texto texto texto texto texto texto texto texto texto texto texto texto texto</p>
</html>
