﻿<?xml version="1.0" encoding="UTF-8"?>
<?xml-stylesheet href="transformacion.xsl" type="text/xsl"?>
<clase>
	<alumno>
		<nombre>Ramón</nombre>
		<apellido>Pérez</apellido>
		<nota>1</nota>
	</alumno>
	<alumno>
		<nombre>Marta</nombre>
		<apellido>García</apellido>
		<nota>5</nota>
	</alumno>
	<alumno>
		<nombre>Luis</nombre>
		<apellido>Fernández</apellido>
		<nota>8</nota>
	</alumno>
	<alumno>
		<nombre>Ana</nombre>
		<apellido>Moyá</apellido>
		<nota>3</nota>
	</alumno>
</clase>
