﻿<?xml version="1.0" encoding="UTF-8"?>
<?xml-stylesheet href="transformacion.xsl" type="text/xsl"?>
<alumnos>
	<alumno>
		<nombre dni="02318184E">Ramón</nombre>
		<apellido>García</apellido>
		<texto>6</texto>
		<asignatura>SSII</asignatura>
	</alumno>
	<alumno>
		<nombre dni="25654352E">María</nombre>
		<apellido>Martín</apellido>
		<texto>8</texto>
		<asignatura>LMSI</asignatura>
	</alumno>
	<alumno>
		<nombre  dni="55642321F">Luis</nombre>
		<apellido>Fernández</apellido>
		<texto>3</texto>
		<asignatura>LMSI</asignatura>
	</alumno>
	<alumno>
		<nombre dni="66545424J">Laura</nombre>
		<apellido>Ruiz</apellido>
		<texto>7</texto>
		<asignatura>SSII</asignatura>
	</alumno>
</alumnos>