﻿<?xml version="1.0" encoding="UTF-8"?>
<html>
  <body>
    <table>
      <tr>
        <td>DNI</td>
        <td>Nombre</td>
        <td>Apellidos</td>
        <td>Asignatura</td>
        <td>Nota</td>
      </tr>
      <tr>
        <td>02318184E</td>
        <td>Ramón</td>
        <td>García</td>
        <td>SSII</td>
        <td>6</td>
      </tr>
      <tr>
        <td>25654352E</td>
        <td>María</td>
        <td>Martín</td>
        <td>LMSI</td>
        <td>8</td>
      </tr>
      <tr>
        <td>55642321F</td>
        <td>Luis</td>
        <td>Fernández</td>
        <td>LMSI</td>
        <td>3</td>
      </tr>
      <tr>
        <td>66545424J</td>
        <td>Laura</td>
        <td>Ruiz</td>
        <td>SSII</td>
        <td>7</td>
      </tr>
    </table>
  </body>
</html>
